first_name	last_name	email
kushagra	gupta	kushagra225@gmail.com
sarthak	joshi	sarthak-joshi7@gmail.com
jatin	gupta	jatininxs11@gmail.com
jatin	sidana	jatincooldude@gmail.com
akshay	kumar	akshay-kumar20@gmail.com
aman	bansal	aman210697@gmail.com
